name,unit,start_cycle,end_cycle
LDL_BARRIER_LOAD2GRAM,Core0_Vector,3,4
LDL_BARRIER_LOAD2GRAM,Core1_Vector,3,4
LDL_BARRIER_LOAD2GRAM,Core0_Vector,6,7
LDL_BARRIER_LOAD2GRAM,Core1_Vector,6,7
Load,Core0_MTE2,1,27
Load,Core0_MTE2,1,27
Load,Core0_MTE2,1,27
Load,Core0_MTE2,1,27
Load,Core0_MTE2,1,27
Load,Core0_MTE2,1,27
Load,Core0_MTE2,1,27
Load,Core0_MTE2,1,27
Load,Core1_MTE2,1,29
Load,Core1_MTE2,1,29
Load,Core1_MTE2,1,29
Load,Core1_MTE2,1,29
Load,Core1_MTE2,1,29
Load,Core1_MTE2,1,29
Load,Core1_MTE2,1,29
Load,Core1_MTE2,1,29
Load,Core1_MTE2,1,54
Load,Core1_MTE2,1,54
Load,Core1_MTE2,1,61
Load,Core1_MTE2,1,61
Load,Core1_MTE2,1,61
Load,Core1_MTE2,1,61
Load,Core1_MTE2,1,61
Load,Core1_MTE2,1,61
Load,Core0_MTE2,4,62
Load,Core0_MTE2,4,62
Load,Core0_MTE2,4,62
Load,Core0_MTE2,4,62
Load,Core1_MTE2,1,63
Load,Core1_MTE2,1,63
Load,Core1_MTE2,4,64
Load,Core1_MTE2,1,64
Load,Core1_MTE2,1,64
Load,Core1_MTE2,4,64
Load,Core1_MTE2,1,64
Load,Core1_MTE2,1,64
Load,Core1_MTE2,1,65
Load,Core1_MTE2,1,65
Load,Core1_MTE2,4,65
Load,Core1_MTE2,1,65
Load,Core1_MTE2,4,65
Load,Core1_MTE2,1,65
Load,Core1_MTE2,1,66
Load,Core1_MTE2,1,66
Load,Core1_MTE2,4,66
Load,Core1_MTE2,1,66
Load,Core1_MTE2,1,66
Load,Core1_MTE2,4,66
Load,Core0_MTE2,4,67
Load,Core0_MTE2,1,67
Load,Core0_MTE2,4,67
Load,Core0_MTE2,1,67
Load,Core0_MTE2,1,67
Load,Core0_MTE2,4,67
Load,Core0_MTE2,1,67
Load,Core0_MTE2,4,67
Load,Core1_MTE2,4,67
Load,Core1_MTE2,4,67
Load,Core0_MTE2,4,69
Load,Core0_MTE2,4,69
Load,Core0_MTE2,4,69
Load,Core0_MTE2,4,69
Load,Core1_MTE2,4,70
Load,Core1_MTE2,4,70
Load,Core0_MTE2,1,71
Load,Core0_MTE2,1,71
Load,Core0_MTE2,1,71
Load,Core0_MTE2,1,71
Load,Core0_MTE2,1,71
Load,Core0_MTE2,1,71
Load,Core0_MTE2,1,71
Load,Core0_MTE2,1,71
Load,Core1_MTE2,4,72
Load,Core1_MTE2,4,72
Load,Core1_MTE2,4,73
Load,Core1_MTE2,4,73
Load,Core1_MTE2,4,73
Load,Core1_MTE2,4,73
Load,Core1_MTE2,4,73
Load,Core1_MTE2,4,73
Load,Core1_MTE2,4,74
Load,Core1_MTE2,1,74
Load,Core1_MTE2,4,74
Load,Core1_MTE2,1,74
Load,Core1_MTE2,4,76
Load,Core1_MTE2,4,76
Load,Core1_MTE2,4,76
Load,Core1_MTE2,4,76
Load,Core0_MTE2,4,77
Load,Core0_MTE2,1,77
Load,Core0_MTE2,4,77
Load,Core0_MTE2,4,77
Load,Core0_MTE2,4,77
Load,Core0_MTE2,1,77
LDL_BARRIER_GRAM2REG,Core1_Vector,76,77
Load,Core0_MTE2,4,78
Load,Core0_MTE2,4,78
Load,Core0_MTE2,1,79
Load,Core0_MTE2,1,79
Load,Core0_MTE2,1,79
Load,Core0_MTE2,1,79
Load,Core0_MTE2,1,80
Load,Core0_MTE2,4,80
Load,Core0_MTE2,4,80
Load,Core0_MTE2,1,80
Load,Core0_MTE2,1,86
Load,Core0_MTE2,1,86
Load,Core0_MTE2,1,86
Load,Core0_MTE2,1,86
Load,Core0_MTE2,4,88
Load,Core0_MTE2,4,88
Load,Core0_MTE2,4,88
Load,Core0_MTE2,4,88
LDL_BARRIER_GRAM2REG,Core0_Vector,88,89
Load,Core0_MTE2,4,94
Load,Core0_MTE2,4,94
Load,Core0_MTE2,4,95
Load,Core0_MTE2,4,95
Load,Core0_MTE2,4,97
Load,Core0_MTE2,4,97
Load,Core0_MTE2,4,97
Load,Core0_MTE2,4,97
Load,Core1_MTE2,4,97
Load,Core1_MTE2,4,97
Load,Core1_MTE2,4,98
Load,Core1_MTE2,4,98
Load,Core1_MTE2,4,98
Load,Core1_MTE2,4,98
Load,Core1_MTE2,4,98
Load,Core1_MTE2,4,98
LDL_BARRIER_GRAM2REG,Core0_Vector,99,100
LDL_BARRIER_GRAM2REG,Core1_Vector,100,101
Load,Core0_MTE2,2,106
Load,Core0_MTE2,2,106
Load,Core0_MTE2,2,107
Load,Core0_MTE2,2,107
Load,Core0_MTE2,2,108
Load,Core0_MTE2,2,108
Load,Core0_MTE2,2,108
Load,Core0_MTE2,2,108
Load,Core1_MTE2,2,108
Load,Core1_MTE2,2,108
Load,Core1_MTE2,2,109
Load,Core1_MTE2,2,109
Load,Core1_MTE2,2,110
Load,Core1_MTE2,2,110
Load,Core1_MTE2,2,110
Load,Core1_MTE2,2,110
LDL_GRAM,Core1_Cube,106,141
LDL_REG,Core1_Vector,142,143
LDL_BARRIER_REG2BLDL,Core1_Vector,144,145
LDL_GRAM,Core0_Cube,118,153
LDL_REG,Core0_Vector,154,155
LDL_BARRIER_REG2BLDL,Core0_Vector,156,157
LDL_GRAM,Core1_Cube,122,157
Load,Core0_MTE2,5,158
Load,Core0_MTE2,5,158
Load,Core0_MTE2,5,159
Load,Core0_MTE2,5,159
Load,Core0_MTE2,5,160
Load,Core0_MTE2,5,160
Load,Core0_MTE2,5,160
Load,Core0_MTE2,5,160
Load,Core1_MTE2,5,160
Load,Core1_MTE2,5,160
Load,Core1_MTE2,5,161
Load,Core1_MTE2,5,161
Load,Core1_MTE2,5,162
Load,Core1_MTE2,5,162
Load,Core1_MTE2,5,162
Load,Core1_MTE2,5,162
LDL_REG,Core1_Vector,163,164
LDL_BARRIER_REG2BLDL,Core1_Vector,165,166
LDL_GRAM,Core0_Cube,134,169
LDL_REG,Core0_Vector,170,171
LDL_BARRIER_REG2BLDL,Core0_Vector,172,173
LDL_D_UPDATE_0,Core1_Cube,145,177
LDL_D_INV_0,Core1_Vector,178,182
LDL_BARRIER_BLDL_STEP_0,Core1_Vector,184,185
LDL_D_UPDATE_0,Core0_Cube,157,189
LDL_D_INV_0,Core0_Vector,190,194
LDL_BARRIER_BLDL_STEP_0,Core0_Vector,196,197
LDL_D_UPDATE_0,Core1_Cube,166,198
LDL_D_INV_0,Core1_Vector,199,203
LDL_D_UPDATE_0,Core0_Cube,173,205
LDL_BARRIER_BLDL_STEP_0,Core1_Vector,205,206
LDL_D_INV_0,Core0_Vector,206,210
LDL_BARRIER_BLDL_STEP_0,Core0_Vector,212,213
LDL_L_UPDATE_1_0_PACK7,Core1_Cube,183,215
LDL_L_UPDATE_1_0_PACK7,Core0_Cube,195,227
LDL_D_UPDATE_1,Core1_Cube,199,231
LDL_D_INV_1,Core1_Vector,232,236
LDL_BARRIER_BLDL_STEP_1,Core1_Vector,238,239
LDL_D_UPDATE_1,Core0_Cube,211,243
LDL_L_UPDATE_1_0_PACK7,Core1_Cube,215,247
LDL_D_INV_1,Core0_Vector,244,248
LDL_BARRIER_BLDL_STEP_1,Core0_Vector,250,251
LDL_L_UPDATE_1_0_PACK7,Core0_Cube,227,259
LDL_D_UPDATE_1,Core1_Cube,231,263
LDL_D_INV_1,Core1_Vector,264,268
LDL_BARRIER_BLDL_STEP_1,Core1_Vector,270,271
LDL_D_UPDATE_1,Core0_Cube,243,275
LDL_L_UPDATE_2_1_PACK6,Core1_Cube,247,279
LDL_D_INV_1,Core0_Vector,276,280
LDL_BARRIER_BLDL_STEP_1,Core0_Vector,282,283
LDL_L_UPDATE_2_1_PACK6,Core0_Cube,259,291
LDL_D_UPDATE_2,Core1_Cube,263,295
LDL_D_INV_2,Core1_Vector,296,300
LDL_BARRIER_BLDL_STEP_2,Core1_Vector,302,303
LDL_D_UPDATE_2,Core0_Cube,275,307
LDL_L_UPDATE_2_1_PACK6,Core1_Cube,279,311
LDL_D_INV_2,Core0_Vector,308,312
LDL_BARRIER_BLDL_STEP_2,Core0_Vector,314,315
LDL_L_UPDATE_2_1_PACK6,Core0_Cube,291,323
LDL_D_UPDATE_2,Core1_Cube,295,327
LDL_D_INV_2,Core1_Vector,328,332
LDL_BARRIER_BLDL_STEP_2,Core1_Vector,334,335
LDL_D_UPDATE_2,Core0_Cube,307,339
LDL_L_UPDATE_3_2_PACK5,Core1_Cube,311,343
LDL_D_INV_2,Core0_Vector,340,344
LDL_BARRIER_BLDL_STEP_2,Core0_Vector,346,347
LDL_L_UPDATE_3_2_PACK5,Core0_Cube,323,355
LDL_D_UPDATE_3,Core1_Cube,327,359
LDL_D_INV_3,Core1_Vector,360,364
LDL_BARRIER_BLDL_STEP_3,Core1_Vector,366,367
LDL_D_UPDATE_3,Core0_Cube,339,371
LDL_L_UPDATE_3_2_PACK5,Core1_Cube,343,375
LDL_D_INV_3,Core0_Vector,372,376
LDL_BARRIER_BLDL_STEP_3,Core0_Vector,378,379
LDL_L_UPDATE_3_2_PACK5,Core0_Cube,355,387
LDL_D_UPDATE_3,Core1_Cube,359,391
LDL_D_INV_3,Core1_Vector,392,396
LDL_BARRIER_BLDL_STEP_3,Core1_Vector,398,399
LDL_D_UPDATE_3,Core0_Cube,371,403
LDL_L_UPDATE_4_3_PACK4,Core1_Cube,375,407
LDL_D_INV_3,Core0_Vector,404,408
LDL_BARRIER_BLDL_STEP_3,Core0_Vector,410,411
LDL_L_UPDATE_4_3_PACK4,Core0_Cube,387,419
LDL_D_UPDATE_4,Core1_Cube,391,423
LDL_D_INV_4,Core1_Vector,424,428
LDL_BARRIER_BLDL_STEP_4,Core1_Vector,430,431
LDL_D_UPDATE_4,Core0_Cube,403,435
LDL_L_UPDATE_4_3_PACK4,Core1_Cube,407,439
LDL_D_INV_4,Core0_Vector,436,440
LDL_BARRIER_BLDL_STEP_4,Core0_Vector,442,443
LDL_L_UPDATE_4_3_PACK4,Core0_Cube,419,451
LDL_D_UPDATE_4,Core1_Cube,423,455
LDL_D_INV_4,Core1_Vector,456,460
LDL_BARRIER_BLDL_STEP_4,Core1_Vector,462,463
LDL_D_UPDATE_4,Core0_Cube,435,467
LDL_L_UPDATE_5_4_PACK3,Core1_Cube,439,471
LDL_D_INV_4,Core0_Vector,468,472
LDL_BARRIER_BLDL_STEP_4,Core0_Vector,474,475
LDL_L_UPDATE_5_4_PACK3,Core0_Cube,451,483
LDL_D_UPDATE_5,Core1_Cube,455,487
LDL_D_INV_5,Core1_Vector,488,492
LDL_BARRIER_BLDL_STEP_5,Core1_Vector,494,495
LDL_D_UPDATE_5,Core0_Cube,467,499
LDL_L_UPDATE_5_4_PACK3,Core1_Cube,471,503
LDL_D_INV_5,Core0_Vector,500,504
LDL_BARRIER_BLDL_STEP_5,Core0_Vector,506,507
LDL_L_UPDATE_5_4_PACK3,Core0_Cube,483,515
LDL_D_UPDATE_5,Core1_Cube,487,519
LDL_D_INV_5,Core1_Vector,520,524
LDL_BARRIER_BLDL_STEP_5,Core1_Vector,526,527
LDL_D_UPDATE_5,Core0_Cube,499,531
LDL_L_UPDATE_6_5_PACK2,Core1_Cube,503,535
LDL_D_INV_5,Core0_Vector,532,536
LDL_BARRIER_BLDL_STEP_5,Core0_Vector,538,539
LDL_L_UPDATE_6_5_PACK2,Core0_Cube,515,547
LDL_D_UPDATE_6,Core1_Cube,519,551
LDL_D_INV_6,Core1_Vector,552,556
LDL_BARRIER_BLDL_STEP_6,Core1_Vector,558,559
LDL_D_UPDATE_6,Core0_Cube,531,563
LDL_L_UPDATE_6_5_PACK2,Core1_Cube,535,567
LDL_D_INV_6,Core0_Vector,564,568
LDL_BARRIER_BLDL_STEP_6,Core0_Vector,570,571
LDL_L_UPDATE_6_5_PACK2,Core0_Cube,547,579
LDL_D_UPDATE_6,Core1_Cube,551,583
LDL_D_INV_6,Core1_Vector,584,588
LDL_BARRIER_BLDL_STEP_6,Core1_Vector,590,591
LDL_D_UPDATE_6,Core0_Cube,563,595
LDL_L_UPDATE_7_6_PACK1,Core1_Cube,567,599
LDL_D_INV_6,Core0_Vector,596,600
LDL_BARRIER_BLDL_STEP_6,Core0_Vector,602,603
LDL_L_UPDATE_7_6_PACK1,Core0_Cube,579,611
LDL_D_UPDATE_7,Core1_Cube,583,615
LDL_D_INV_7,Core1_Vector,616,620
LDL_BARRIER_BLDL_STEP_7,Core1_Vector,621,622
LDL_BARRIER_BWD_DIAG2OFF_7,Core1_Vector,623,624
LDL_D_UPDATE_7,Core0_Cube,595,627
LDL_L_UPDATE_7_6_PACK1,Core1_Cube,599,631
LDL_D_INV_7,Core0_Vector,628,632
LDL_BARRIER_BLDL_STEP_7,Core0_Vector,633,634
LDL_BARRIER_BWD_DIAG2OFF_7,Core0_Vector,635,636
LDL_L_UPDATE_7_6_PACK1,Core0_Cube,611,643
LDL_D_UPDATE_7,Core1_Cube,615,647
LDL_D_INV_7,Core1_Vector,648,652
LDL_BARRIER_BLDL_STEP_7,Core1_Vector,653,654
LDL_BARRIER_BWD_DIAG2OFF_7,Core1_Vector,655,656
LDL_D_UPDATE_7,Core0_Cube,627,659
LDL_BWD_OFF_MUL_6_7_0,Core1_Cube,631,663
LDL_D_INV_7,Core0_Vector,660,664
LDL_BWD_OFF_ACC_6_7_0,Core1_Vector,664,665
LDL_BARRIER_BLDL_STEP_7,Core0_Vector,665,666
LDL_BARRIER_BWD_DIAG2OFF_7,Core0_Vector,667,668
LDL_BWD_OFF_MUL_6_7_0,Core0_Cube,643,675
LDL_BWD_OFF_ACC_6_7_0,Core0_Vector,676,677
LDL_BWD_OFF_MUL_6_7_0,Core1_Cube,656,688
LDL_BWD_OFF_ACC_6_7_0,Core1_Vector,689,690
LDL_BWD_OFF_MUL_6_7_0,Core0_Cube,668,700
LDL_BWD_OFF_ACC_6_7_0,Core0_Vector,701,702
LDL_BWD_OFF_MUL_5_7_0,Core1_Cube,672,704
LDL_BWD_OFF_ACC_5_7_0,Core1_Vector,705,706
LDL_BWD_OFF_MUL_5_7_0,Core0_Cube,684,716
LDL_BWD_OFF_ACC_5_7_0,Core0_Vector,717,718
LDL_BWD_OFF_MUL_5_7_0,Core1_Cube,690,722
LDL_BWD_OFF_ACC_5_7_0,Core1_Vector,723,724
LDL_BWD_OFF_MUL_5_7_0,Core0_Cube,702,734
LDL_BWD_OFF_ACC_5_7_0,Core0_Vector,735,736
LDL_BWD_OFF_MUL_4_7_0,Core1_Cube,706,738
LDL_BWD_OFF_ACC_4_7_0,Core1_Vector,739,740
LDL_BWD_OFF_MUL_4_7_0,Core0_Cube,718,750
LDL_BWD_OFF_ACC_4_7_0,Core0_Vector,751,752
LDL_BWD_OFF_MUL_4_7_0,Core1_Cube,724,756
LDL_BWD_OFF_ACC_4_7_0,Core1_Vector,757,758
LDL_BWD_OFF_MUL_4_7_0,Core0_Cube,736,768
LDL_BWD_OFF_ACC_4_7_0,Core0_Vector,769,770
LDL_BWD_OFF_MUL_3_7_0,Core1_Cube,740,772
LDL_BWD_OFF_ACC_3_7_0,Core1_Vector,773,774
LDL_BWD_OFF_MUL_3_7_0,Core0_Cube,752,784
LDL_BWD_OFF_ACC_3_7_0,Core0_Vector,785,786
LDL_BWD_OFF_MUL_3_7_0,Core1_Cube,758,790
LDL_BWD_OFF_ACC_3_7_0,Core1_Vector,791,792
LDL_BWD_OFF_MUL_3_7_0,Core0_Cube,770,802
LDL_BWD_OFF_ACC_3_7_0,Core0_Vector,803,804
LDL_BWD_OFF_MUL_2_7_0,Core1_Cube,774,806
LDL_BWD_OFF_ACC_2_7_0,Core1_Vector,807,808
LDL_BWD_OFF_MUL_2_7_0,Core0_Cube,786,818
LDL_BWD_OFF_ACC_2_7_0,Core0_Vector,819,820
LDL_BWD_OFF_MUL_2_7_0,Core1_Cube,792,824
LDL_BWD_OFF_ACC_2_7_0,Core1_Vector,825,826
LDL_BWD_OFF_MUL_2_7_0,Core0_Cube,804,836
LDL_BWD_OFF_ACC_2_7_0,Core0_Vector,837,838
LDL_BWD_OFF_MUL_1_7_0,Core1_Cube,808,840
LDL_BWD_OFF_ACC_1_7_0,Core1_Vector,841,842
LDL_BWD_OFF_MUL_1_7_0,Core0_Cube,820,852
LDL_BWD_OFF_ACC_1_7_0,Core0_Vector,853,854
LDL_BWD_OFF_MUL_1_7_0,Core1_Cube,826,858
LDL_BWD_OFF_ACC_1_7_0,Core1_Vector,859,860
LDL_BWD_OFF_MUL_1_7_0,Core0_Cube,838,870
LDL_BWD_OFF_ACC_1_7_0,Core0_Vector,871,872
LDL_BWD_OFF_MUL_0_7_0,Core1_Cube,842,874
LDL_BWD_OFF_ACC_0_7_0,Core1_Vector,875,876
LDL_BARRIER_BWD_COL_7,Core1_Vector,877,878
LDL_BWD_OFF_MUL_0_7_0,Core0_Cube,854,886
LDL_BWD_OFF_ACC_0_7_0,Core0_Vector,887,888
LDL_BARRIER_BWD_COL_7,Core0_Vector,889,890
LDL_BWD_OFF_MUL_0_7_0,Core1_Cube,860,892
LDL_BWD_OFF_ACC_0_7_0,Core1_Vector,893,894
LDL_BARRIER_BWD_COL_7,Core1_Vector,895,896
LDL_BWD_OFF_MUL_0_7_0,Core0_Cube,872,904
LDL_BWD_OFF_ACC_0_7_0,Core0_Vector,905,906
LDL_BARRIER_BWD_COL_7,Core0_Vector,907,908
LDL_BWD_DIAG_MUL_6_0,Core1_Cube,878,910
LDL_BWD_DIAG_ACC_6_0,Core1_Vector,911,912
LDL_BARRIER_BWD_DIAG2OFF_6,Core1_Vector,913,914
LDL_BWD_DIAG_MUL_6_0,Core0_Cube,890,922
LDL_BWD_DIAG_ACC_6_0,Core0_Vector,923,924
LDL_BARRIER_BWD_DIAG2OFF_6,Core0_Vector,925,926
LDL_BWD_DIAG_MUL_6_0,Core1_Cube,896,928
LDL_BWD_DIAG_ACC_6_0,Core1_Vector,929,930
LDL_BARRIER_BWD_DIAG2OFF_6,Core1_Vector,931,932
LDL_BWD_DIAG_MUL_6_0,Core0_Cube,908,940
LDL_BWD_DIAG_ACC_6_0,Core0_Vector,941,942
LDL_BARRIER_BWD_DIAG2OFF_6,Core0_Vector,943,944
LDL_BWD_OFF_MUL_5_6_0,Core1_Cube,914,946
LDL_BWD_OFF_ACC_5_6_0,Core1_Vector,947,948
LDL_BWD_OFF_MUL_5_6_0,Core0_Cube,926,958
LDL_BWD_OFF_ACC_5_6_0,Core0_Vector,959,960
LDL_BWD_OFF_MUL_5_6_0,Core1_Cube,932,964
LDL_BWD_OFF_ACC_5_6_0,Core1_Vector,965,966
LDL_BWD_OFF_MUL_5_6_0,Core0_Cube,944,976
LDL_BWD_OFF_ACC_5_6_0,Core0_Vector,977,978
LDL_BWD_OFF_MUL_4_6_0,Core1_Cube,948,980
LDL_BWD_OFF_ACC_4_6_0,Core1_Vector,981,982
LDL_BWD_OFF_MUL_4_6_0,Core0_Cube,960,992
LDL_BWD_OFF_ACC_4_6_0,Core0_Vector,993,994
LDL_BWD_OFF_MUL_4_6_0,Core1_Cube,966,998
LDL_BWD_OFF_ACC_4_6_0,Core1_Vector,999,1000
LDL_BWD_OFF_MUL_4_6_0,Core0_Cube,978,1010
LDL_BWD_OFF_ACC_4_6_0,Core0_Vector,1011,1012
LDL_BWD_OFF_MUL_3_6_0,Core1_Cube,982,1014
LDL_BWD_OFF_ACC_3_6_0,Core1_Vector,1015,1016
LDL_BWD_OFF_MUL_3_6_0,Core0_Cube,994,1026
LDL_BWD_OFF_ACC_3_6_0,Core0_Vector,1027,1028
LDL_BWD_OFF_MUL_3_6_0,Core1_Cube,1000,1032
LDL_BWD_OFF_ACC_3_6_0,Core1_Vector,1033,1034
LDL_BWD_OFF_MUL_3_6_0,Core0_Cube,1012,1044
LDL_BWD_OFF_ACC_3_6_0,Core0_Vector,1045,1046
LDL_BWD_OFF_MUL_2_6_0,Core1_Cube,1016,1048
LDL_BWD_OFF_ACC_2_6_0,Core1_Vector,1049,1050
LDL_BWD_OFF_MUL_2_6_0,Core0_Cube,1028,1060
LDL_BWD_OFF_ACC_2_6_0,Core0_Vector,1061,1062
LDL_BWD_OFF_MUL_2_6_0,Core1_Cube,1034,1066
LDL_BWD_OFF_ACC_2_6_0,Core1_Vector,1067,1068
LDL_BWD_OFF_MUL_2_6_0,Core0_Cube,1046,1078
LDL_BWD_OFF_ACC_2_6_0,Core0_Vector,1079,1080
LDL_BWD_OFF_MUL_1_6_0,Core1_Cube,1050,1082
LDL_BWD_OFF_ACC_1_6_0,Core1_Vector,1083,1084
LDL_BWD_OFF_MUL_1_6_0,Core0_Cube,1062,1094
LDL_BWD_OFF_ACC_1_6_0,Core0_Vector,1095,1096
LDL_BWD_OFF_MUL_1_6_0,Core1_Cube,1068,1100
LDL_BWD_OFF_ACC_1_6_0,Core1_Vector,1101,1102
LDL_BWD_OFF_MUL_1_6_0,Core0_Cube,1080,1112
LDL_BWD_OFF_ACC_1_6_0,Core0_Vector,1113,1114
LDL_BWD_OFF_MUL_0_6_0,Core1_Cube,1084,1116
LDL_BWD_OFF_ACC_0_6_0,Core1_Vector,1117,1118
LDL_BARRIER_BWD_COL_6,Core1_Vector,1119,1120
LDL_BWD_OFF_MUL_0_6_0,Core0_Cube,1096,1128
LDL_BWD_OFF_ACC_0_6_0,Core0_Vector,1129,1130
LDL_BARRIER_BWD_COL_6,Core0_Vector,1131,1132
LDL_BWD_OFF_MUL_0_6_0,Core1_Cube,1102,1134
LDL_BWD_OFF_ACC_0_6_0,Core1_Vector,1135,1136
LDL_BARRIER_BWD_COL_6,Core1_Vector,1137,1138
LDL_BWD_OFF_MUL_0_6_0,Core0_Cube,1114,1146
LDL_BWD_OFF_ACC_0_6_0,Core0_Vector,1147,1148
LDL_BARRIER_BWD_COL_6,Core0_Vector,1149,1150
LDL_BWD_DIAG_MUL_5_0,Core1_Cube,1120,1152
LDL_BWD_DIAG_ACC_5_0,Core1_Vector,1153,1154
LDL_BARRIER_BWD_DIAG2OFF_5,Core1_Vector,1155,1156
LDL_BWD_DIAG_MUL_5_0,Core0_Cube,1132,1164
LDL_BWD_DIAG_ACC_5_0,Core0_Vector,1165,1166
LDL_BARRIER_BWD_DIAG2OFF_5,Core0_Vector,1167,1168
LDL_BWD_DIAG_MUL_5_0,Core1_Cube,1138,1170
LDL_BWD_DIAG_ACC_5_0,Core1_Vector,1171,1172
LDL_BARRIER_BWD_DIAG2OFF_5,Core1_Vector,1173,1174
LDL_BWD_DIAG_MUL_5_0,Core0_Cube,1150,1182
LDL_BWD_DIAG_ACC_5_0,Core0_Vector,1183,1184
LDL_BARRIER_BWD_DIAG2OFF_5,Core0_Vector,1185,1186
LDL_BWD_OFF_MUL_4_5_0,Core1_Cube,1156,1188
LDL_BWD_OFF_ACC_4_5_0,Core1_Vector,1189,1190
LDL_BWD_OFF_MUL_4_5_0,Core0_Cube,1168,1200
LDL_BWD_OFF_ACC_4_5_0,Core0_Vector,1201,1202
LDL_BWD_OFF_MUL_4_5_0,Core1_Cube,1174,1206
LDL_BWD_OFF_ACC_4_5_0,Core1_Vector,1207,1208
LDL_BWD_OFF_MUL_4_5_0,Core0_Cube,1186,1218
LDL_BWD_OFF_ACC_4_5_0,Core0_Vector,1219,1220
LDL_BWD_OFF_MUL_3_5_0,Core1_Cube,1190,1222
LDL_BWD_OFF_ACC_3_5_0,Core1_Vector,1223,1224
LDL_BWD_OFF_MUL_3_5_0,Core0_Cube,1202,1234
LDL_BWD_OFF_ACC_3_5_0,Core0_Vector,1235,1236
LDL_BWD_OFF_MUL_3_5_0,Core1_Cube,1208,1240
LDL_BWD_OFF_ACC_3_5_0,Core1_Vector,1241,1242
LDL_BWD_OFF_MUL_3_5_0,Core0_Cube,1220,1252
LDL_BWD_OFF_ACC_3_5_0,Core0_Vector,1253,1254
LDL_BWD_OFF_MUL_2_5_0,Core1_Cube,1224,1256
LDL_BWD_OFF_ACC_2_5_0,Core1_Vector,1257,1258
LDL_BWD_OFF_MUL_2_5_0,Core0_Cube,1236,1268
LDL_BWD_OFF_ACC_2_5_0,Core0_Vector,1269,1270
LDL_BWD_OFF_MUL_2_5_0,Core1_Cube,1242,1274
LDL_BWD_OFF_ACC_2_5_0,Core1_Vector,1275,1276
LDL_BWD_OFF_MUL_2_5_0,Core0_Cube,1254,1286
LDL_BWD_OFF_ACC_2_5_0,Core0_Vector,1287,1288
LDL_BWD_OFF_MUL_1_5_0,Core1_Cube,1258,1290
LDL_BWD_OFF_ACC_1_5_0,Core1_Vector,1291,1292
LDL_BWD_OFF_MUL_1_5_0,Core0_Cube,1270,1302
LDL_BWD_OFF_ACC_1_5_0,Core0_Vector,1303,1304
LDL_BWD_OFF_MUL_1_5_0,Core1_Cube,1276,1308
LDL_BWD_OFF_ACC_1_5_0,Core1_Vector,1309,1310
LDL_BWD_OFF_MUL_1_5_0,Core0_Cube,1288,1320
LDL_BWD_OFF_ACC_1_5_0,Core0_Vector,1321,1322
LDL_BWD_OFF_MUL_0_5_0,Core1_Cube,1292,1324
LDL_BWD_OFF_ACC_0_5_0,Core1_Vector,1325,1326
LDL_BARRIER_BWD_COL_5,Core1_Vector,1327,1328
LDL_BWD_OFF_MUL_0_5_0,Core0_Cube,1304,1336
LDL_BWD_OFF_ACC_0_5_0,Core0_Vector,1337,1338
LDL_BARRIER_BWD_COL_5,Core0_Vector,1339,1340
LDL_BWD_OFF_MUL_0_5_0,Core1_Cube,1310,1342
LDL_BWD_OFF_ACC_0_5_0,Core1_Vector,1343,1344
LDL_BARRIER_BWD_COL_5,Core1_Vector,1345,1346
LDL_BWD_OFF_MUL_0_5_0,Core0_Cube,1322,1354
LDL_BWD_OFF_ACC_0_5_0,Core0_Vector,1355,1356
LDL_BARRIER_BWD_COL_5,Core0_Vector,1357,1358
LDL_BWD_DIAG_MUL_4_0,Core1_Cube,1328,1360
LDL_BWD_DIAG_ACC_4_0,Core1_Vector,1361,1362
LDL_BARRIER_BWD_DIAG2OFF_4,Core1_Vector,1363,1364
LDL_BWD_DIAG_MUL_4_0,Core0_Cube,1340,1372
LDL_BWD_DIAG_ACC_4_0,Core0_Vector,1373,1374
LDL_BARRIER_BWD_DIAG2OFF_4,Core0_Vector,1375,1376
LDL_BWD_DIAG_MUL_4_0,Core1_Cube,1346,1378
LDL_BWD_DIAG_ACC_4_0,Core1_Vector,1379,1380
LDL_BARRIER_BWD_DIAG2OFF_4,Core1_Vector,1381,1382
LDL_BWD_DIAG_MUL_4_0,Core0_Cube,1358,1390
LDL_BWD_DIAG_ACC_4_0,Core0_Vector,1391,1392
LDL_BARRIER_BWD_DIAG2OFF_4,Core0_Vector,1393,1394
LDL_BWD_OFF_MUL_3_4_0,Core1_Cube,1364,1396
LDL_BWD_OFF_ACC_3_4_0,Core1_Vector,1397,1398
LDL_BWD_OFF_MUL_3_4_0,Core0_Cube,1376,1408
LDL_BWD_OFF_ACC_3_4_0,Core0_Vector,1409,1410
LDL_BWD_OFF_MUL_3_4_0,Core1_Cube,1382,1414
LDL_BWD_OFF_ACC_3_4_0,Core1_Vector,1415,1416
LDL_BWD_OFF_MUL_3_4_0,Core0_Cube,1394,1426
LDL_BWD_OFF_ACC_3_4_0,Core0_Vector,1427,1428
LDL_BWD_OFF_MUL_2_4_0,Core1_Cube,1398,1430
LDL_BWD_OFF_ACC_2_4_0,Core1_Vector,1431,1432
LDL_BWD_OFF_MUL_2_4_0,Core0_Cube,1410,1442
LDL_BWD_OFF_ACC_2_4_0,Core0_Vector,1443,1444
LDL_BWD_OFF_MUL_2_4_0,Core1_Cube,1416,1448
LDL_BWD_OFF_ACC_2_4_0,Core1_Vector,1449,1450
LDL_BWD_OFF_MUL_2_4_0,Core0_Cube,1428,1460
LDL_BWD_OFF_ACC_2_4_0,Core0_Vector,1461,1462
LDL_BWD_OFF_MUL_1_4_0,Core1_Cube,1432,1464
LDL_BWD_OFF_ACC_1_4_0,Core1_Vector,1465,1466
LDL_BWD_OFF_MUL_1_4_0,Core0_Cube,1444,1476
LDL_BWD_OFF_ACC_1_4_0,Core0_Vector,1477,1478
LDL_BWD_OFF_MUL_1_4_0,Core1_Cube,1450,1482
LDL_BWD_OFF_ACC_1_4_0,Core1_Vector,1483,1484
LDL_BWD_OFF_MUL_1_4_0,Core0_Cube,1462,1494
LDL_BWD_OFF_ACC_1_4_0,Core0_Vector,1495,1496
LDL_BWD_OFF_MUL_0_4_0,Core1_Cube,1466,1498
LDL_BWD_OFF_ACC_0_4_0,Core1_Vector,1499,1500
LDL_BARRIER_BWD_COL_4,Core1_Vector,1501,1502
LDL_BWD_OFF_MUL_0_4_0,Core0_Cube,1478,1510
LDL_BWD_OFF_ACC_0_4_0,Core0_Vector,1511,1512
LDL_BARRIER_BWD_COL_4,Core0_Vector,1513,1514
LDL_BWD_OFF_MUL_0_4_0,Core1_Cube,1484,1516
LDL_BWD_OFF_ACC_0_4_0,Core1_Vector,1517,1518
LDL_BARRIER_BWD_COL_4,Core1_Vector,1519,1520
LDL_BWD_OFF_MUL_0_4_0,Core0_Cube,1496,1528
LDL_BWD_OFF_ACC_0_4_0,Core0_Vector,1529,1530
LDL_BARRIER_BWD_COL_4,Core0_Vector,1531,1532
LDL_BWD_DIAG_MUL_3_0,Core1_Cube,1502,1534
LDL_BWD_DIAG_ACC_3_0,Core1_Vector,1535,1536
LDL_BARRIER_BWD_DIAG2OFF_3,Core1_Vector,1537,1538
LDL_BWD_DIAG_MUL_3_0,Core0_Cube,1514,1546
LDL_BWD_DIAG_ACC_3_0,Core0_Vector,1547,1548
LDL_BARRIER_BWD_DIAG2OFF_3,Core0_Vector,1549,1550
LDL_BWD_DIAG_MUL_3_0,Core1_Cube,1520,1552
LDL_BWD_DIAG_ACC_3_0,Core1_Vector,1553,1554
LDL_BARRIER_BWD_DIAG2OFF_3,Core1_Vector,1555,1556
LDL_BWD_DIAG_MUL_3_0,Core0_Cube,1532,1564
LDL_BWD_DIAG_ACC_3_0,Core0_Vector,1565,1566
LDL_BARRIER_BWD_DIAG2OFF_3,Core0_Vector,1567,1568
LDL_BWD_OFF_MUL_2_3_0,Core1_Cube,1538,1570
LDL_BWD_OFF_ACC_2_3_0,Core1_Vector,1571,1572
LDL_BWD_OFF_MUL_2_3_0,Core0_Cube,1550,1582
LDL_BWD_OFF_ACC_2_3_0,Core0_Vector,1583,1584
LDL_BWD_OFF_MUL_2_3_0,Core1_Cube,1556,1588
LDL_BWD_OFF_ACC_2_3_0,Core1_Vector,1589,1590
LDL_BWD_OFF_MUL_2_3_0,Core0_Cube,1568,1600
LDL_BWD_OFF_ACC_2_3_0,Core0_Vector,1601,1602
LDL_BWD_OFF_MUL_1_3_0,Core1_Cube,1572,1604
LDL_BWD_OFF_ACC_1_3_0,Core1_Vector,1605,1606
LDL_BWD_OFF_MUL_1_3_0,Core0_Cube,1584,1616
LDL_BWD_OFF_ACC_1_3_0,Core0_Vector,1617,1618
LDL_BWD_OFF_MUL_1_3_0,Core1_Cube,1590,1622
LDL_BWD_OFF_ACC_1_3_0,Core1_Vector,1623,1624
LDL_BWD_OFF_MUL_1_3_0,Core0_Cube,1602,1634
LDL_BWD_OFF_ACC_1_3_0,Core0_Vector,1635,1636
LDL_BWD_OFF_MUL_0_3_0,Core1_Cube,1606,1638
LDL_BWD_OFF_ACC_0_3_0,Core1_Vector,1639,1640
LDL_BARRIER_BWD_COL_3,Core1_Vector,1641,1642
LDL_BWD_OFF_MUL_0_3_0,Core0_Cube,1618,1650
LDL_BWD_OFF_ACC_0_3_0,Core0_Vector,1651,1652
LDL_BARRIER_BWD_COL_3,Core0_Vector,1653,1654
LDL_BWD_OFF_MUL_0_3_0,Core1_Cube,1624,1656
LDL_BWD_OFF_ACC_0_3_0,Core1_Vector,1657,1658
LDL_BARRIER_BWD_COL_3,Core1_Vector,1659,1660
LDL_BWD_OFF_MUL_0_3_0,Core0_Cube,1636,1668
LDL_BWD_OFF_ACC_0_3_0,Core0_Vector,1669,1670
LDL_BARRIER_BWD_COL_3,Core0_Vector,1671,1672
LDL_BWD_DIAG_MUL_2_0,Core1_Cube,1642,1674
LDL_BWD_DIAG_ACC_2_0,Core1_Vector,1675,1676
LDL_BARRIER_BWD_DIAG2OFF_2,Core1_Vector,1677,1678
LDL_BWD_DIAG_MUL_2_0,Core0_Cube,1654,1686
LDL_BWD_DIAG_ACC_2_0,Core0_Vector,1687,1688
LDL_BARRIER_BWD_DIAG2OFF_2,Core0_Vector,1689,1690
LDL_BWD_DIAG_MUL_2_0,Core1_Cube,1660,1692
LDL_BWD_DIAG_ACC_2_0,Core1_Vector,1693,1694
LDL_BARRIER_BWD_DIAG2OFF_2,Core1_Vector,1695,1696
LDL_BWD_DIAG_MUL_2_0,Core0_Cube,1672,1704
LDL_BWD_DIAG_ACC_2_0,Core0_Vector,1705,1706
LDL_BARRIER_BWD_DIAG2OFF_2,Core0_Vector,1707,1708
LDL_BWD_OFF_MUL_1_2_0,Core1_Cube,1678,1710
LDL_BWD_OFF_ACC_1_2_0,Core1_Vector,1711,1712
LDL_BWD_OFF_MUL_1_2_0,Core0_Cube,1690,1722
LDL_BWD_OFF_ACC_1_2_0,Core0_Vector,1723,1724
LDL_BWD_OFF_MUL_1_2_0,Core1_Cube,1696,1728
LDL_BWD_OFF_ACC_1_2_0,Core1_Vector,1729,1730
LDL_BWD_OFF_MUL_1_2_0,Core0_Cube,1708,1740
LDL_BWD_OFF_ACC_1_2_0,Core0_Vector,1741,1742
LDL_BWD_OFF_MUL_0_2_0,Core1_Cube,1712,1744
LDL_BWD_OFF_ACC_0_2_0,Core1_Vector,1745,1746
LDL_BARRIER_BWD_COL_2,Core1_Vector,1747,1748
LDL_BWD_OFF_MUL_0_2_0,Core0_Cube,1724,1756
LDL_BWD_OFF_ACC_0_2_0,Core0_Vector,1757,1758
LDL_BARRIER_BWD_COL_2,Core0_Vector,1759,1760
LDL_BWD_OFF_MUL_0_2_0,Core1_Cube,1730,1762
LDL_BWD_OFF_ACC_0_2_0,Core1_Vector,1763,1764
LDL_BARRIER_BWD_COL_2,Core1_Vector,1765,1766
LDL_BWD_OFF_MUL_0_2_0,Core0_Cube,1742,1774
LDL_BWD_OFF_ACC_0_2_0,Core0_Vector,1775,1776
LDL_BARRIER_BWD_COL_2,Core0_Vector,1777,1778
LDL_BWD_DIAG_MUL_1_0,Core1_Cube,1748,1780
LDL_BWD_DIAG_ACC_1_0,Core1_Vector,1781,1782
LDL_BARRIER_BWD_DIAG2OFF_1,Core1_Vector,1783,1784
LDL_BWD_DIAG_MUL_1_0,Core0_Cube,1760,1792
LDL_BWD_DIAG_ACC_1_0,Core0_Vector,1793,1794
LDL_BARRIER_BWD_DIAG2OFF_1,Core0_Vector,1795,1796
LDL_BWD_DIAG_MUL_1_0,Core1_Cube,1766,1798
LDL_BWD_DIAG_ACC_1_0,Core1_Vector,1799,1800
LDL_BARRIER_BWD_DIAG2OFF_1,Core1_Vector,1801,1802
LDL_BWD_DIAG_MUL_1_0,Core0_Cube,1778,1810
LDL_BWD_DIAG_ACC_1_0,Core0_Vector,1811,1812
LDL_BARRIER_BWD_DIAG2OFF_1,Core0_Vector,1813,1814
LDL_BWD_OFF_MUL_0_1_0,Core1_Cube,1784,1816
LDL_BWD_OFF_ACC_0_1_0,Core1_Vector,1817,1818
LDL_BARRIER_BWD_COL_1,Core1_Vector,1819,1820
LDL_BWD_OFF_MUL_0_1_0,Core0_Cube,1796,1828
LDL_BWD_OFF_ACC_0_1_0,Core0_Vector,1829,1830
LDL_BARRIER_BWD_COL_1,Core0_Vector,1831,1832
LDL_BWD_OFF_MUL_0_1_0,Core1_Cube,1802,1834
LDL_BWD_OFF_ACC_0_1_0,Core1_Vector,1835,1836
LDL_BARRIER_BWD_COL_1,Core1_Vector,1837,1838
LDL_BWD_OFF_MUL_0_1_0,Core0_Cube,1814,1846
LDL_BWD_OFF_ACC_0_1_0,Core0_Vector,1847,1848
LDL_BARRIER_BWD_COL_1,Core0_Vector,1849,1850
LDL_BWD_DIAG_MUL_0_0,Core1_Cube,1820,1852
LDL_BWD_DIAG_ACC_0_0,Core1_Vector,1853,1854
LDL_BARRIER_BWD_DIAG2OFF_0,Core1_Vector,1855,1856
LDL_BARRIER_BWD_COL_0,Core1_Vector,1857,1858
LDL_BARRIER_BWD2STORE,Core1_Vector,1859,1860
LDL_BWD_DIAG_MUL_0_0,Core0_Cube,1832,1864
LDL_BARRIER_LOAD2GRAM,Core1_Vector,1864,1865
LDL_BWD_DIAG_ACC_0_0,Core0_Vector,1865,1866
LDL_BARRIER_BWD_DIAG2OFF_0,Core0_Vector,1867,1868
LDL_BARRIER_BWD_COL_0,Core0_Vector,1869,1870
LDL_BWD_DIAG_MUL_0_0,Core1_Cube,1838,1870
LDL_BARRIER_BWD2STORE,Core0_Vector,1871,1872
LDL_BWD_DIAG_ACC_0_0,Core1_Vector,1871,1872
LDL_BARRIER_BWD_DIAG2OFF_0,Core1_Vector,1873,1874
LDL_BARRIER_BWD_COL_0,Core1_Vector,1875,1876
LDL_BARRIER_LOAD2GRAM,Core0_Vector,1876,1877
LDL_BARRIER_BWD2STORE,Core1_Vector,1877,1878
LDL_BWD_DIAG_MUL_0_0,Core0_Cube,1850,1882
LDL_BARRIER_LOAD2GRAM,Core1_Vector,1882,1883
LDL_BWD_DIAG_ACC_0_0,Core0_Vector,1883,1884
LDL_BARRIER_BWD_DIAG2OFF_0,Core0_Vector,1885,1886
LDL_BARRIER_BWD_COL_0,Core0_Vector,1887,1888
Load,Core1_MTE2,1862,1889
Load,Core1_MTE2,1862,1889
Load,Core1_MTE2,1862,1889
Load,Core1_MTE2,1862,1889
Load,Core1_MTE2,1862,1889
Load,Core1_MTE2,1862,1889
Load,Core1_MTE2,1862,1889
Load,Core1_MTE2,1862,1889
LDL_BARRIER_BWD2STORE,Core0_Vector,1889,1890
Load,Core1_MTE2,1862,1891
Load,Core1_MTE2,1862,1891
Load,Core1_MTE2,1862,1891
Load,Core1_MTE2,1862,1891
Load,Core1_MTE2,1862,1891
Load,Core1_MTE2,1862,1891
Load,Core1_MTE2,1862,1891
Load,Core1_MTE2,1862,1891
Load,Core1_MTE2,1862,1892
Load,Core1_MTE2,1862,1892
Load,Core1_MTE2,1862,1892
Load,Core1_MTE2,1862,1892
Load,Core1_MTE2,1862,1892
Load,Core1_MTE2,1862,1892
Load,Core1_MTE2,1862,1892
Load,Core1_MTE2,1862,1892
Load,Core1_MTE2,1863,1893
Load,Core1_MTE2,1863,1893
Load,Core1_MTE2,1863,1893
Load,Core1_MTE2,1863,1893
Load,Core1_MTE2,1863,1893
Load,Core1_MTE2,1863,1893
Load,Core1_MTE2,1863,1893
Load,Core1_MTE2,1863,1893
LDL_BARRIER_LOAD2GRAM,Core0_Vector,1894,1895
Load,Core1_MTE2,1862,1903
Load,Core1_MTE2,1862,1903
Load,Core1_MTE2,1862,1903
Load,Core1_MTE2,1862,1903
Load,Core1_MTE2,1862,1903
Load,Core1_MTE2,1862,1903
Load,Core1_MTE2,1862,1903
Load,Core1_MTE2,1862,1903
Load,Core0_MTE2,1874,1905
Load,Core0_MTE2,1874,1905
Load,Core0_MTE2,1874,1905
Load,Core0_MTE2,1874,1905
Load,Core0_MTE2,1874,1905
Load,Core0_MTE2,1874,1905
Load,Core0_MTE2,1874,1905
Load,Core0_MTE2,1874,1905
Load,Core0_MTE2,1874,1906
Load,Core0_MTE2,1874,1906
Load,Core0_MTE2,1874,1906
Load,Core0_MTE2,1874,1906
Load,Core1_MTE2,1880,1906
Load,Core1_MTE2,1880,1906
LDL_BARRIER_GRAM2REG,Core1_Vector,1905,1906
Load,Core0_MTE2,1874,1909
Load,Core0_MTE2,1874,1909
Load,Core0_MTE2,1874,1909
Load,Core0_MTE2,1874,1909
Load,Core1_MTE2,1880,1911
Load,Core1_MTE2,1880,1911
Load,Core1_MTE2,1880,1911
Load,Core1_MTE2,1880,1911
Load,Core1_MTE2,1880,1911
Load,Core1_MTE2,1880,1911
Load,Core1_MTE2,1880,1911
Load,Core1_MTE2,1880,1911
Load,Core0_MTE2,1874,1916
Load,Core0_MTE2,1874,1916
Load,Core0_MTE2,1874,1916
Load,Core0_MTE2,1874,1916
Load,Core0_MTE2,1874,1916
Load,Core0_MTE2,1874,1916
Load,Core0_MTE2,1874,1916
Load,Core0_MTE2,1874,1916
Load,Core1_MTE2,1880,1918
Load,Core1_MTE2,1880,1918
Load,Core1_MTE2,1880,1918
Load,Core1_MTE2,1880,1918
Load,Core1_MTE2,1880,1920
Load,Core1_MTE2,1880,1920
Load,Core1_MTE2,1880,1920
Load,Core1_MTE2,1880,1920
Load,Core1_MTE2,1880,1921
Load,Core1_MTE2,1880,1921
Load,Core1_MTE2,1880,1921
Load,Core1_MTE2,1880,1921
Load,Core1_MTE2,1880,1923
Load,Core1_MTE2,1880,1923
Load,Core0_MTE2,1892,1925
Load,Core0_MTE2,1892,1925
Load,Core0_MTE2,1892,1926
Load,Core0_MTE2,1892,1926
Load,Core0_MTE2,1892,1932
Load,Core0_MTE2,1892,1932
Load,Core0_MTE2,1892,1932
Load,Core0_MTE2,1892,1932
Load,Core0_MTE2,1892,1932
Load,Core0_MTE2,1892,1932
Load,Core0_MTE2,1892,1932
Load,Core0_MTE2,1892,1932
Load,Core0_MTE2,1874,1933
Load,Core0_MTE2,1874,1933
Load,Core0_MTE2,1874,1933
Load,Core0_MTE2,1874,1933
Load,Core0_MTE2,1892,1935
Load,Core0_MTE2,1892,1935
Load,Core0_MTE2,1874,1935
Load,Core0_MTE2,1892,1935
Load,Core0_MTE2,1892,1935
Load,Core0_MTE2,1892,1935
Load,Core0_MTE2,1892,1935
Load,Core0_MTE2,1874,1935
Load,Core0_MTE2,1874,1936
Load,Core0_MTE2,1892,1936
Load,Core0_MTE2,1874,1936
Load,Core0_MTE2,1892,1936
LDL_BARRIER_GRAM2REG,Core0_Vector,1938,1939
Load,Core0_MTE2,1892,1940
Load,Core0_MTE2,1892,1940
Load,Core0_MTE2,1892,1940
Load,Core0_MTE2,1892,1940
Load,Core0_MTE2,1892,1942
Load,Core0_MTE2,1892,1942
Load,Core0_MTE2,1892,1942
Load,Core0_MTE2,1892,1942
Load,Core0_MTE2,1892,1943
Load,Core0_MTE2,1892,1943
Load,Core0_MTE2,1892,1944
Load,Core0_MTE2,1892,1944
Store,Core1_MTE3,1860,1944
Store,Core1_MTE3,1860,1944
Store,Core1_MTE3,1860,1944
Store,Core1_MTE3,1860,1944
Store,Core1_MTE3,1860,1944
Store,Core1_MTE3,1860,1944
Store,Core1_MTE3,1860,1944
Store,Core1_MTE3,1860,1944
Load,Core1_MTE2,1880,1947
Load,Core1_MTE2,1880,1947
LDL_BARRIER_GRAM2REG,Core0_Vector,1946,1947
Load,Core0_MTE2,1875,1948
Load,Core0_MTE2,1875,1948
Load,Core0_MTE2,1875,1949
Load,Core0_MTE2,1875,1949
Store,Core0_MTE3,1890,1950
Store,Core0_MTE3,1890,1950
Store,Core0_MTE3,1890,1950
Store,Core0_MTE3,1890,1950
Store,Core0_MTE3,1890,1950
Store,Core0_MTE3,1890,1950
Store,Core0_MTE3,1890,1950
Store,Core0_MTE3,1890,1950
Load,Core1_MTE2,1881,1950
Load,Core1_MTE2,1881,1950
Load,Core0_MTE2,1875,1951
Load,Core0_MTE2,1875,1951
Load,Core1_MTE2,1881,1951
Load,Core1_MTE2,1881,1951
Load,Core1_MTE2,1880,1953
Load,Core1_MTE2,1880,1953
Load,Core1_MTE2,1880,1953
Load,Core1_MTE2,1880,1953
Load,Core1_MTE2,1880,1954
Load,Core1_MTE2,1880,1954
Load,Core0_MTE2,1875,1955
Load,Core0_MTE2,1875,1955
Load,Core1_MTE2,1881,1955
Load,Core1_MTE2,1881,1955
Store,Core1_MTE3,1878,1957
Store,Core1_MTE3,1878,1957
Load,Core1_MTE2,1881,1957
LDL_BARRIER_GRAM2REG,Core1_Vector,1956,1957
Load,Core1_MTE2,1881,1958
Store,Core1_MTE3,1878,1959
Store,Core1_MTE3,1878,1959
Store,Core1_MTE3,1878,1959
Store,Core1_MTE3,1878,1959
Store,Core1_MTE3,1878,1959
Store,Core1_MTE3,1878,1959
LDL_GRAM,Core1_Cube,1935,1970
LDL_REG,Core1_Vector,1971,1972
LDL_BARRIER_REG2BLDL,Core1_Vector,1973,1974
Load,Core0_MTE2,1893,1990
Load,Core0_MTE2,1893,1990
LDL_GRAM,Core1_Cube,1955,1990
Load,Core0_MTE2,1893,1991
Load,Core0_MTE2,1893,1991
LDL_REG,Core1_Vector,1991,1992
Load,Core0_MTE2,1893,1993
Load,Core0_MTE2,1893,1993
Load,Core0_MTE2,1893,1993
Load,Core0_MTE2,1893,1993
LDL_BARRIER_REG2BLDL,Core1_Vector,1993,1994
LDL_GRAM,Core0_Cube,1968,2003
LDL_REG,Core0_Vector,2004,2005
LDL_D_UPDATE_0,Core1_Cube,1974,2006
LDL_BARRIER_REG2BLDL,Core0_Vector,2006,2007
LDL_D_INV_0,Core1_Vector,2007,2011
LDL_BARRIER_BLDL_STEP_0,Core1_Vector,2013,2014
Store,Core0_MTE3,1872,2017
Store,Core0_MTE3,1872,2017
Store,Core0_MTE3,1872,2018
Store,Core0_MTE3,1872,2018
Store,Core0_MTE3,1872,2018
Store,Core0_MTE3,1872,2018
Store,Core0_MTE3,1872,2018
Store,Core0_MTE3,1872,2018
LDL_GRAM,Core0_Cube,1984,2019
LDL_REG,Core0_Vector,2020,2021
LDL_BARRIER_REG2BLDL,Core0_Vector,2022,2023
LDL_D_UPDATE_0,Core1_Cube,1994,2026
LDL_D_INV_0,Core1_Vector,2027,2031
LDL_BARRIER_BLDL_STEP_0,Core1_Vector,2033,2034
LDL_D_UPDATE_0,Core0_Cube,2007,2039
LDL_D_INV_0,Core0_Vector,2040,2044
LDL_L_UPDATE_1_0_PACK7,Core1_Cube,2012,2044
LDL_BARRIER_BLDL_STEP_0,Core0_Vector,2046,2047
LDL_D_UPDATE_0,Core0_Cube,2023,2055
LDL_D_INV_0,Core0_Vector,2056,2060
LDL_D_UPDATE_1,Core1_Cube,2028,2060
LDL_BARRIER_BLDL_STEP_0,Core0_Vector,2062,2063
LDL_D_INV_1,Core1_Vector,2061,2065
LDL_BARRIER_BLDL_STEP_1,Core1_Vector,2067,2068
LDL_L_UPDATE_1_0_PACK7,Core1_Cube,2044,2076
LDL_L_UPDATE_1_0_PACK7,Core0_Cube,2045,2077
LDL_D_UPDATE_1,Core1_Cube,2060,2092
LDL_D_UPDATE_1,Core0_Cube,2061,2093
LDL_D_INV_1,Core1_Vector,2093,2097
LDL_D_INV_1,Core0_Vector,2094,2098
LDL_BARRIER_BLDL_STEP_1,Core1_Vector,2099,2100
LDL_BARRIER_BLDL_STEP_1,Core0_Vector,2100,2101
LDL_L_UPDATE_2_1_PACK6,Core1_Cube,2076,2108
LDL_L_UPDATE_1_0_PACK7,Core0_Cube,2077,2109
LDL_D_UPDATE_2,Core1_Cube,2092,2124
LDL_D_UPDATE_1,Core0_Cube,2093,2125
LDL_D_INV_2,Core1_Vector,2125,2129
LDL_D_INV_1,Core0_Vector,2126,2130
LDL_BARRIER_BLDL_STEP_2,Core1_Vector,2131,2132
LDL_BARRIER_BLDL_STEP_1,Core0_Vector,2132,2133
LDL_L_UPDATE_2_1_PACK6,Core1_Cube,2108,2140
LDL_L_UPDATE_2_1_PACK6,Core0_Cube,2109,2141
LDL_D_UPDATE_2,Core1_Cube,2124,2156
LDL_D_UPDATE_2,Core0_Cube,2125,2157
LDL_D_INV_2,Core1_Vector,2157,2161
LDL_D_INV_2,Core0_Vector,2158,2162
LDL_BARRIER_BLDL_STEP_2,Core1_Vector,2163,2164
LDL_BARRIER_BLDL_STEP_2,Core0_Vector,2164,2165
LDL_L_UPDATE_3_2_PACK5,Core1_Cube,2140,2172
LDL_L_UPDATE_2_1_PACK6,Core0_Cube,2141,2173
LDL_D_UPDATE_3,Core1_Cube,2156,2188
LDL_D_UPDATE_2,Core0_Cube,2157,2189
LDL_D_INV_3,Core1_Vector,2189,2193
LDL_D_INV_2,Core0_Vector,2190,2194
LDL_BARRIER_BLDL_STEP_3,Core1_Vector,2195,2196
LDL_BARRIER_BLDL_STEP_2,Core0_Vector,2196,2197
LDL_L_UPDATE_3_2_PACK5,Core1_Cube,2172,2204
LDL_L_UPDATE_3_2_PACK5,Core0_Cube,2173,2205
LDL_D_UPDATE_3,Core1_Cube,2188,2220
LDL_D_UPDATE_3,Core0_Cube,2189,2221
LDL_D_INV_3,Core1_Vector,2221,2225
LDL_D_INV_3,Core0_Vector,2222,2226
LDL_BARRIER_BLDL_STEP_3,Core1_Vector,2227,2228
LDL_BARRIER_BLDL_STEP_3,Core0_Vector,2228,2229
LDL_L_UPDATE_4_3_PACK4,Core1_Cube,2204,2236
LDL_L_UPDATE_3_2_PACK5,Core0_Cube,2205,2237
LDL_D_UPDATE_4,Core1_Cube,2220,2252
LDL_D_UPDATE_3,Core0_Cube,2221,2253
LDL_D_INV_4,Core1_Vector,2253,2257
LDL_D_INV_3,Core0_Vector,2254,2258
LDL_BARRIER_BLDL_STEP_4,Core1_Vector,2259,2260
LDL_BARRIER_BLDL_STEP_3,Core0_Vector,2260,2261
LDL_L_UPDATE_4_3_PACK4,Core1_Cube,2236,2268
LDL_L_UPDATE_4_3_PACK4,Core0_Cube,2237,2269
LDL_D_UPDATE_4,Core1_Cube,2252,2284
LDL_D_UPDATE_4,Core0_Cube,2253,2285
LDL_D_INV_4,Core1_Vector,2285,2289
LDL_D_INV_4,Core0_Vector,2286,2290
LDL_BARRIER_BLDL_STEP_4,Core1_Vector,2291,2292
LDL_BARRIER_BLDL_STEP_4,Core0_Vector,2292,2293
LDL_L_UPDATE_5_4_PACK3,Core1_Cube,2268,2300
LDL_L_UPDATE_4_3_PACK4,Core0_Cube,2269,2301
LDL_D_UPDATE_5,Core1_Cube,2284,2316
LDL_D_UPDATE_4,Core0_Cube,2285,2317
LDL_D_INV_5,Core1_Vector,2317,2321
LDL_D_INV_4,Core0_Vector,2318,2322
LDL_BARRIER_BLDL_STEP_5,Core1_Vector,2323,2324
LDL_BARRIER_BLDL_STEP_4,Core0_Vector,2324,2325
LDL_L_UPDATE_5_4_PACK3,Core1_Cube,2300,2332
LDL_L_UPDATE_5_4_PACK3,Core0_Cube,2301,2333
LDL_D_UPDATE_5,Core1_Cube,2316,2348
LDL_D_UPDATE_5,Core0_Cube,2317,2349
LDL_D_INV_5,Core1_Vector,2349,2353
LDL_D_INV_5,Core0_Vector,2350,2354
LDL_BARRIER_BLDL_STEP_5,Core1_Vector,2355,2356
LDL_BARRIER_BLDL_STEP_5,Core0_Vector,2356,2357
LDL_L_UPDATE_6_5_PACK2,Core1_Cube,2332,2364
LDL_L_UPDATE_5_4_PACK3,Core0_Cube,2333,2365
LDL_D_UPDATE_6,Core1_Cube,2348,2380
LDL_D_UPDATE_5,Core0_Cube,2349,2381
LDL_D_INV_6,Core1_Vector,2381,2385
LDL_D_INV_5,Core0_Vector,2382,2386
LDL_BARRIER_BLDL_STEP_6,Core1_Vector,2387,2388
LDL_BARRIER_BLDL_STEP_5,Core0_Vector,2388,2389
LDL_L_UPDATE_6_5_PACK2,Core1_Cube,2364,2396
LDL_L_UPDATE_6_5_PACK2,Core0_Cube,2365,2397
LDL_D_UPDATE_6,Core1_Cube,2380,2412
LDL_D_UPDATE_6,Core0_Cube,2381,2413
LDL_D_INV_6,Core1_Vector,2413,2417
LDL_D_INV_6,Core0_Vector,2414,2418
LDL_BARRIER_BLDL_STEP_6,Core1_Vector,2419,2420
LDL_BARRIER_BLDL_STEP_6,Core0_Vector,2420,2421
LDL_L_UPDATE_7_6_PACK1,Core1_Cube,2396,2428
LDL_L_UPDATE_6_5_PACK2,Core0_Cube,2397,2429
LDL_D_UPDATE_7,Core1_Cube,2412,2444
LDL_D_UPDATE_6,Core0_Cube,2413,2445
LDL_D_INV_7,Core1_Vector,2445,2449
LDL_D_INV_6,Core0_Vector,2446,2450
LDL_BARRIER_BLDL_STEP_7,Core1_Vector,2450,2451
LDL_BARRIER_BLDL_STEP_6,Core0_Vector,2452,2453
LDL_BARRIER_BWD_DIAG2OFF_7,Core1_Vector,2452,2453
LDL_L_UPDATE_7_6_PACK1,Core1_Cube,2428,2460
LDL_L_UPDATE_7_6_PACK1,Core0_Cube,2429,2461
LDL_D_UPDATE_7,Core1_Cube,2444,2476
LDL_D_UPDATE_7,Core0_Cube,2445,2477
LDL_D_INV_7,Core1_Vector,2477,2481
LDL_D_INV_7,Core0_Vector,2478,2482
LDL_BARRIER_BLDL_STEP_7,Core1_Vector,2482,2483
LDL_BARRIER_BLDL_STEP_7,Core0_Vector,2483,2484
LDL_BARRIER_BWD_DIAG2OFF_7,Core1_Vector,2484,2485
LDL_BARRIER_BWD_DIAG2OFF_7,Core0_Vector,2485,2486
LDL_BWD_OFF_MUL_6_7_0,Core1_Cube,2460,2492
LDL_L_UPDATE_7_6_PACK1,Core0_Cube,2461,2493
LDL_BWD_OFF_ACC_6_7_0,Core1_Vector,2493,2494
LDL_D_UPDATE_7,Core0_Cube,2477,2509
LDL_D_INV_7,Core0_Vector,2510,2514
LDL_BARRIER_BLDL_STEP_7,Core0_Vector,2515,2516
LDL_BWD_OFF_MUL_6_7_0,Core1_Cube,2485,2517
LDL_BARRIER_BWD_DIAG2OFF_7,Core0_Vector,2517,2518
LDL_BWD_OFF_ACC_6_7_0,Core1_Vector,2518,2519
LDL_BWD_OFF_MUL_6_7_0,Core0_Cube,2493,2525
LDL_BWD_OFF_ACC_6_7_0,Core0_Vector,2526,2527
LDL_BWD_OFF_MUL_5_7_0,Core1_Cube,2501,2533
LDL_BWD_OFF_ACC_5_7_0,Core1_Vector,2534,2535
LDL_BWD_OFF_MUL_6_7_0,Core0_Cube,2518,2550
LDL_BWD_OFF_MUL_5_7_0,Core1_Cube,2519,2551
LDL_BWD_OFF_ACC_6_7_0,Core0_Vector,2551,2552
LDL_BWD_OFF_ACC_5_7_0,Core1_Vector,2552,2553
LDL_BWD_OFF_MUL_5_7_0,Core0_Cube,2534,2566
LDL_BWD_OFF_MUL_4_7_0,Core1_Cube,2535,2567
LDL_BWD_OFF_ACC_5_7_0,Core0_Vector,2567,2568
LDL_BWD_OFF_ACC_4_7_0,Core1_Vector,2568,2569
LDL_BWD_OFF_MUL_5_7_0,Core0_Cube,2552,2584
LDL_BWD_OFF_MUL_4_7_0,Core1_Cube,2553,2585
LDL_BWD_OFF_ACC_5_7_0,Core0_Vector,2585,2586
LDL_BWD_OFF_ACC_4_7_0,Core1_Vector,2586,2587
LDL_BWD_OFF_MUL_4_7_0,Core0_Cube,2568,2600
LDL_BWD_OFF_MUL_3_7_0,Core1_Cube,2569,2601
LDL_BWD_OFF_ACC_4_7_0,Core0_Vector,2601,2602
LDL_BWD_OFF_ACC_3_7_0,Core1_Vector,2602,2603
LDL_BWD_OFF_MUL_4_7_0,Core0_Cube,2586,2618
LDL_BWD_OFF_MUL_3_7_0,Core1_Cube,2587,2619
LDL_BWD_OFF_ACC_4_7_0,Core0_Vector,2619,2620
LDL_BWD_OFF_ACC_3_7_0,Core1_Vector,2620,2621
LDL_BWD_OFF_MUL_3_7_0,Core0_Cube,2602,2634
LDL_BWD_OFF_MUL_2_7_0,Core1_Cube,2603,2635
LDL_BWD_OFF_ACC_3_7_0,Core0_Vector,2635,2636
LDL_BWD_OFF_ACC_2_7_0,Core1_Vector,2636,2637
LDL_BWD_OFF_MUL_3_7_0,Core0_Cube,2620,2652
LDL_BWD_OFF_MUL_2_7_0,Core1_Cube,2621,2653
LDL_BWD_OFF_ACC_3_7_0,Core0_Vector,2653,2654
LDL_BWD_OFF_ACC_2_7_0,Core1_Vector,2654,2655
LDL_BWD_OFF_MUL_2_7_0,Core0_Cube,2636,2668
LDL_BWD_OFF_MUL_1_7_0,Core1_Cube,2637,2669
LDL_BWD_OFF_ACC_2_7_0,Core0_Vector,2669,2670
LDL_BWD_OFF_ACC_1_7_0,Core1_Vector,2670,2671
LDL_BWD_OFF_MUL_2_7_0,Core0_Cube,2654,2686
LDL_BWD_OFF_MUL_1_7_0,Core1_Cube,2655,2687
LDL_BWD_OFF_ACC_2_7_0,Core0_Vector,2687,2688
LDL_BWD_OFF_ACC_1_7_0,Core1_Vector,2688,2689
LDL_BWD_OFF_MUL_1_7_0,Core0_Cube,2670,2702
LDL_BWD_OFF_MUL_0_7_0,Core1_Cube,2671,2703
LDL_BWD_OFF_ACC_1_7_0,Core0_Vector,2703,2704
LDL_BWD_OFF_ACC_0_7_0,Core1_Vector,2704,2705
LDL_BARRIER_BWD_COL_7,Core1_Vector,2706,2707
LDL_BWD_OFF_MUL_1_7_0,Core0_Cube,2688,2720
LDL_BWD_OFF_MUL_0_7_0,Core1_Cube,2689,2721
LDL_BWD_OFF_ACC_1_7_0,Core0_Vector,2721,2722
LDL_BWD_OFF_ACC_0_7_0,Core1_Vector,2722,2723
LDL_BARRIER_BWD_COL_7,Core1_Vector,2724,2725
LDL_BWD_OFF_MUL_0_7_0,Core0_Cube,2704,2736
LDL_BWD_OFF_ACC_0_7_0,Core0_Vector,2737,2738
LDL_BWD_DIAG_MUL_6_0,Core1_Cube,2707,2739
LDL_BARRIER_BWD_COL_7,Core0_Vector,2739,2740
LDL_BWD_DIAG_ACC_6_0,Core1_Vector,2740,2741
LDL_BARRIER_BWD_DIAG2OFF_6,Core1_Vector,2742,2743
LDL_BWD_OFF_MUL_0_7_0,Core0_Cube,2722,2754
LDL_BWD_OFF_ACC_0_7_0,Core0_Vector,2755,2756
LDL_BWD_DIAG_MUL_6_0,Core1_Cube,2725,2757
LDL_BARRIER_BWD_COL_7,Core0_Vector,2757,2758
LDL_BWD_DIAG_ACC_6_0,Core1_Vector,2758,2759
LDL_BARRIER_BWD_DIAG2OFF_6,Core1_Vector,2760,2761
LDL_BWD_DIAG_MUL_6_0,Core0_Cube,2740,2772
LDL_BWD_DIAG_ACC_6_0,Core0_Vector,2773,2774
LDL_BWD_OFF_MUL_5_6_0,Core1_Cube,2743,2775
LDL_BARRIER_BWD_DIAG2OFF_6,Core0_Vector,2775,2776
LDL_BWD_OFF_ACC_5_6_0,Core1_Vector,2776,2777
LDL_BWD_DIAG_MUL_6_0,Core0_Cube,2758,2790
LDL_BWD_DIAG_ACC_6_0,Core0_Vector,2791,2792
LDL_BWD_OFF_MUL_5_6_0,Core1_Cube,2761,2793
LDL_BARRIER_BWD_DIAG2OFF_6,Core0_Vector,2793,2794
LDL_BWD_OFF_ACC_5_6_0,Core1_Vector,2794,2795
LDL_BWD_OFF_MUL_5_6_0,Core0_Cube,2776,2808
LDL_BWD_OFF_MUL_4_6_0,Core1_Cube,2777,2809
LDL_BWD_OFF_ACC_5_6_0,Core0_Vector,2809,2810
LDL_BWD_OFF_ACC_4_6_0,Core1_Vector,2810,2811
LDL_BWD_OFF_MUL_5_6_0,Core0_Cube,2794,2826
LDL_BWD_OFF_MUL_4_6_0,Core1_Cube,2795,2827
LDL_BWD_OFF_ACC_5_6_0,Core0_Vector,2827,2828
LDL_BWD_OFF_ACC_4_6_0,Core1_Vector,2828,2829
LDL_BWD_OFF_MUL_4_6_0,Core0_Cube,2810,2842
LDL_BWD_OFF_MUL_3_6_0,Core1_Cube,2811,2843
LDL_BWD_OFF_ACC_4_6_0,Core0_Vector,2843,2844
LDL_BWD_OFF_ACC_3_6_0,Core1_Vector,2844,2845
LDL_BWD_OFF_MUL_4_6_0,Core0_Cube,2828,2860
LDL_BWD_OFF_MUL_3_6_0,Core1_Cube,2829,2861
LDL_BWD_OFF_ACC_4_6_0,Core0_Vector,2861,2862
LDL_BWD_OFF_ACC_3_6_0,Core1_Vector,2862,2863
LDL_BWD_OFF_MUL_3_6_0,Core0_Cube,2844,2876
LDL_BWD_OFF_MUL_2_6_0,Core1_Cube,2845,2877
LDL_BWD_OFF_ACC_3_6_0,Core0_Vector,2877,2878
LDL_BWD_OFF_ACC_2_6_0,Core1_Vector,2878,2879
LDL_BWD_OFF_MUL_3_6_0,Core0_Cube,2862,2894
LDL_BWD_OFF_MUL_2_6_0,Core1_Cube,2863,2895
LDL_BWD_OFF_ACC_3_6_0,Core0_Vector,2895,2896
LDL_BWD_OFF_ACC_2_6_0,Core1_Vector,2896,2897
LDL_BWD_OFF_MUL_2_6_0,Core0_Cube,2878,2910
LDL_BWD_OFF_MUL_1_6_0,Core1_Cube,2879,2911
LDL_BWD_OFF_ACC_2_6_0,Core0_Vector,2911,2912
LDL_BWD_OFF_ACC_1_6_0,Core1_Vector,2912,2913
LDL_BWD_OFF_MUL_2_6_0,Core0_Cube,2896,2928
LDL_BWD_OFF_MUL_1_6_0,Core1_Cube,2897,2929
LDL_BWD_OFF_ACC_2_6_0,Core0_Vector,2929,2930
LDL_BWD_OFF_ACC_1_6_0,Core1_Vector,2930,2931
LDL_BWD_OFF_MUL_1_6_0,Core0_Cube,2912,2944
LDL_BWD_OFF_MUL_0_6_0,Core1_Cube,2913,2945
LDL_BWD_OFF_ACC_1_6_0,Core0_Vector,2945,2946
LDL_BWD_OFF_ACC_0_6_0,Core1_Vector,2946,2947
LDL_BARRIER_BWD_COL_6,Core1_Vector,2948,2949
LDL_BWD_OFF_MUL_1_6_0,Core0_Cube,2930,2962
LDL_BWD_OFF_MUL_0_6_0,Core1_Cube,2931,2963
LDL_BWD_OFF_ACC_1_6_0,Core0_Vector,2963,2964
LDL_BWD_OFF_ACC_0_6_0,Core1_Vector,2964,2965
LDL_BARRIER_BWD_COL_6,Core1_Vector,2966,2967
LDL_BWD_OFF_MUL_0_6_0,Core0_Cube,2946,2978
LDL_BWD_OFF_ACC_0_6_0,Core0_Vector,2979,2980
LDL_BWD_DIAG_MUL_5_0,Core1_Cube,2949,2981
LDL_BARRIER_BWD_COL_6,Core0_Vector,2981,2982
LDL_BWD_DIAG_ACC_5_0,Core1_Vector,2982,2983
LDL_BARRIER_BWD_DIAG2OFF_5,Core1_Vector,2984,2985
LDL_BWD_OFF_MUL_0_6_0,Core0_Cube,2964,2996
LDL_BWD_OFF_ACC_0_6_0,Core0_Vector,2997,2998
LDL_BWD_DIAG_MUL_5_0,Core1_Cube,2967,2999
LDL_BARRIER_BWD_COL_6,Core0_Vector,2999,3000
LDL_BWD_DIAG_ACC_5_0,Core1_Vector,3000,3001
LDL_BARRIER_BWD_DIAG2OFF_5,Core1_Vector,3002,3003
LDL_BWD_DIAG_MUL_5_0,Core0_Cube,2982,3014
LDL_BWD_DIAG_ACC_5_0,Core0_Vector,3015,3016
LDL_BWD_OFF_MUL_4_5_0,Core1_Cube,2985,3017
LDL_BARRIER_BWD_DIAG2OFF_5,Core0_Vector,3017,3018
LDL_BWD_OFF_ACC_4_5_0,Core1_Vector,3018,3019
LDL_BWD_DIAG_MUL_5_0,Core0_Cube,3000,3032
LDL_BWD_DIAG_ACC_5_0,Core0_Vector,3033,3034
LDL_BWD_OFF_MUL_4_5_0,Core1_Cube,3003,3035
LDL_BARRIER_BWD_DIAG2OFF_5,Core0_Vector,3035,3036
LDL_BWD_OFF_ACC_4_5_0,Core1_Vector,3036,3037
LDL_BWD_OFF_MUL_4_5_0,Core0_Cube,3018,3050
LDL_BWD_OFF_MUL_3_5_0,Core1_Cube,3019,3051
LDL_BWD_OFF_ACC_4_5_0,Core0_Vector,3051,3052
LDL_BWD_OFF_ACC_3_5_0,Core1_Vector,3052,3053
LDL_BWD_OFF_MUL_4_5_0,Core0_Cube,3036,3068
LDL_BWD_OFF_MUL_3_5_0,Core1_Cube,3037,3069
LDL_BWD_OFF_ACC_4_5_0,Core0_Vector,3069,3070
LDL_BWD_OFF_ACC_3_5_0,Core1_Vector,3070,3071
LDL_BWD_OFF_MUL_3_5_0,Core0_Cube,3052,3084
LDL_BWD_OFF_MUL_2_5_0,Core1_Cube,3053,3085
LDL_BWD_OFF_ACC_3_5_0,Core0_Vector,3085,3086
LDL_BWD_OFF_ACC_2_5_0,Core1_Vector,3086,3087
LDL_BWD_OFF_MUL_3_5_0,Core0_Cube,3070,3102
LDL_BWD_OFF_MUL_2_5_0,Core1_Cube,3071,3103
LDL_BWD_OFF_ACC_3_5_0,Core0_Vector,3103,3104
LDL_BWD_OFF_ACC_2_5_0,Core1_Vector,3104,3105
LDL_BWD_OFF_MUL_2_5_0,Core0_Cube,3086,3118
LDL_BWD_OFF_MUL_1_5_0,Core1_Cube,3087,3119
LDL_BWD_OFF_ACC_2_5_0,Core0_Vector,3119,3120
LDL_BWD_OFF_ACC_1_5_0,Core1_Vector,3120,3121
LDL_BWD_OFF_MUL_2_5_0,Core0_Cube,3104,3136
LDL_BWD_OFF_MUL_1_5_0,Core1_Cube,3105,3137
LDL_BWD_OFF_ACC_2_5_0,Core0_Vector,3137,3138
LDL_BWD_OFF_ACC_1_5_0,Core1_Vector,3138,3139
LDL_BWD_OFF_MUL_1_5_0,Core0_Cube,3120,3152
LDL_BWD_OFF_MUL_0_5_0,Core1_Cube,3121,3153
LDL_BWD_OFF_ACC_1_5_0,Core0_Vector,3153,3154
LDL_BWD_OFF_ACC_0_5_0,Core1_Vector,3154,3155
LDL_BARRIER_BWD_COL_5,Core1_Vector,3156,3157
LDL_BWD_OFF_MUL_1_5_0,Core0_Cube,3138,3170
LDL_BWD_OFF_MUL_0_5_0,Core1_Cube,3139,3171
LDL_BWD_OFF_ACC_1_5_0,Core0_Vector,3171,3172
LDL_BWD_OFF_ACC_0_5_0,Core1_Vector,3172,3173
LDL_BARRIER_BWD_COL_5,Core1_Vector,3174,3175
LDL_BWD_OFF_MUL_0_5_0,Core0_Cube,3154,3186
LDL_BWD_OFF_ACC_0_5_0,Core0_Vector,3187,3188
LDL_BWD_DIAG_MUL_4_0,Core1_Cube,3157,3189
LDL_BARRIER_BWD_COL_5,Core0_Vector,3189,3190
LDL_BWD_DIAG_ACC_4_0,Core1_Vector,3190,3191
LDL_BARRIER_BWD_DIAG2OFF_4,Core1_Vector,3192,3193
LDL_BWD_OFF_MUL_0_5_0,Core0_Cube,3172,3204
LDL_BWD_OFF_ACC_0_5_0,Core0_Vector,3205,3206
LDL_BWD_DIAG_MUL_4_0,Core1_Cube,3175,3207
LDL_BARRIER_BWD_COL_5,Core0_Vector,3207,3208
LDL_BWD_DIAG_ACC_4_0,Core1_Vector,3208,3209
LDL_BARRIER_BWD_DIAG2OFF_4,Core1_Vector,3210,3211
LDL_BWD_DIAG_MUL_4_0,Core0_Cube,3190,3222
LDL_BWD_DIAG_ACC_4_0,Core0_Vector,3223,3224
LDL_BWD_OFF_MUL_3_4_0,Core1_Cube,3193,3225
LDL_BARRIER_BWD_DIAG2OFF_4,Core0_Vector,3225,3226
LDL_BWD_OFF_ACC_3_4_0,Core1_Vector,3226,3227
LDL_BWD_DIAG_MUL_4_0,Core0_Cube,3208,3240
LDL_BWD_DIAG_ACC_4_0,Core0_Vector,3241,3242
LDL_BWD_OFF_MUL_3_4_0,Core1_Cube,3211,3243
LDL_BARRIER_BWD_DIAG2OFF_4,Core0_Vector,3243,3244
LDL_BWD_OFF_ACC_3_4_0,Core1_Vector,3244,3245
LDL_BWD_OFF_MUL_3_4_0,Core0_Cube,3226,3258
LDL_BWD_OFF_MUL_2_4_0,Core1_Cube,3227,3259
LDL_BWD_OFF_ACC_3_4_0,Core0_Vector,3259,3260
LDL_BWD_OFF_ACC_2_4_0,Core1_Vector,3260,3261
LDL_BWD_OFF_MUL_3_4_0,Core0_Cube,3244,3276
LDL_BWD_OFF_MUL_2_4_0,Core1_Cube,3245,3277
LDL_BWD_OFF_ACC_3_4_0,Core0_Vector,3277,3278
LDL_BWD_OFF_ACC_2_4_0,Core1_Vector,3278,3279
LDL_BWD_OFF_MUL_2_4_0,Core0_Cube,3260,3292
LDL_BWD_OFF_MUL_1_4_0,Core1_Cube,3261,3293
LDL_BWD_OFF_ACC_2_4_0,Core0_Vector,3293,3294
LDL_BWD_OFF_ACC_1_4_0,Core1_Vector,3294,3295
LDL_BWD_OFF_MUL_2_4_0,Core0_Cube,3278,3310
LDL_BWD_OFF_MUL_1_4_0,Core1_Cube,3279,3311
LDL_BWD_OFF_ACC_2_4_0,Core0_Vector,3311,3312
LDL_BWD_OFF_ACC_1_4_0,Core1_Vector,3312,3313
LDL_BWD_OFF_MUL_1_4_0,Core0_Cube,3294,3326
LDL_BWD_OFF_MUL_0_4_0,Core1_Cube,3295,3327
LDL_BWD_OFF_ACC_1_4_0,Core0_Vector,3327,3328
LDL_BWD_OFF_ACC_0_4_0,Core1_Vector,3328,3329
LDL_BARRIER_BWD_COL_4,Core1_Vector,3330,3331
LDL_BWD_OFF_MUL_1_4_0,Core0_Cube,3312,3344
LDL_BWD_OFF_MUL_0_4_0,Core1_Cube,3313,3345
LDL_BWD_OFF_ACC_1_4_0,Core0_Vector,3345,3346
LDL_BWD_OFF_ACC_0_4_0,Core1_Vector,3346,3347
LDL_BARRIER_BWD_COL_4,Core1_Vector,3348,3349
LDL_BWD_OFF_MUL_0_4_0,Core0_Cube,3328,3360
LDL_BWD_OFF_ACC_0_4_0,Core0_Vector,3361,3362
LDL_BWD_DIAG_MUL_3_0,Core1_Cube,3331,3363
LDL_BARRIER_BWD_COL_4,Core0_Vector,3363,3364
LDL_BWD_DIAG_ACC_3_0,Core1_Vector,3364,3365
LDL_BARRIER_BWD_DIAG2OFF_3,Core1_Vector,3366,3367
LDL_BWD_OFF_MUL_0_4_0,Core0_Cube,3346,3378
LDL_BWD_OFF_ACC_0_4_0,Core0_Vector,3379,3380
LDL_BWD_DIAG_MUL_3_0,Core1_Cube,3349,3381
LDL_BARRIER_BWD_COL_4,Core0_Vector,3381,3382
LDL_BWD_DIAG_ACC_3_0,Core1_Vector,3382,3383
LDL_BARRIER_BWD_DIAG2OFF_3,Core1_Vector,3384,3385
LDL_BWD_DIAG_MUL_3_0,Core0_Cube,3364,3396
LDL_BWD_DIAG_ACC_3_0,Core0_Vector,3397,3398
LDL_BWD_OFF_MUL_2_3_0,Core1_Cube,3367,3399
LDL_BARRIER_BWD_DIAG2OFF_3,Core0_Vector,3399,3400
LDL_BWD_OFF_ACC_2_3_0,Core1_Vector,3400,3401
LDL_BWD_DIAG_MUL_3_0,Core0_Cube,3382,3414
LDL_BWD_DIAG_ACC_3_0,Core0_Vector,3415,3416
LDL_BWD_OFF_MUL_2_3_0,Core1_Cube,3385,3417
LDL_BARRIER_BWD_DIAG2OFF_3,Core0_Vector,3417,3418
LDL_BWD_OFF_ACC_2_3_0,Core1_Vector,3418,3419
LDL_BWD_OFF_MUL_2_3_0,Core0_Cube,3400,3432
LDL_BWD_OFF_MUL_1_3_0,Core1_Cube,3401,3433
LDL_BWD_OFF_ACC_2_3_0,Core0_Vector,3433,3434
LDL_BWD_OFF_ACC_1_3_0,Core1_Vector,3434,3435
LDL_BWD_OFF_MUL_2_3_0,Core0_Cube,3418,3450
LDL_BWD_OFF_MUL_1_3_0,Core1_Cube,3419,3451
LDL_BWD_OFF_ACC_2_3_0,Core0_Vector,3451,3452
LDL_BWD_OFF_ACC_1_3_0,Core1_Vector,3452,3453
LDL_BWD_OFF_MUL_1_3_0,Core0_Cube,3434,3466
LDL_BWD_OFF_MUL_0_3_0,Core1_Cube,3435,3467
LDL_BWD_OFF_ACC_1_3_0,Core0_Vector,3467,3468
LDL_BWD_OFF_ACC_0_3_0,Core1_Vector,3468,3469
LDL_BARRIER_BWD_COL_3,Core1_Vector,3470,3471
LDL_BWD_OFF_MUL_1_3_0,Core0_Cube,3452,3484
LDL_BWD_OFF_MUL_0_3_0,Core1_Cube,3453,3485
LDL_BWD_OFF_ACC_1_3_0,Core0_Vector,3485,3486
LDL_BWD_OFF_ACC_0_3_0,Core1_Vector,3486,3487
LDL_BARRIER_BWD_COL_3,Core1_Vector,3488,3489
LDL_BWD_OFF_MUL_0_3_0,Core0_Cube,3468,3500
LDL_BWD_OFF_ACC_0_3_0,Core0_Vector,3501,3502
LDL_BWD_DIAG_MUL_2_0,Core1_Cube,3471,3503
LDL_BARRIER_BWD_COL_3,Core0_Vector,3503,3504
LDL_BWD_DIAG_ACC_2_0,Core1_Vector,3504,3505
LDL_BARRIER_BWD_DIAG2OFF_2,Core1_Vector,3506,3507
LDL_BWD_OFF_MUL_0_3_0,Core0_Cube,3486,3518
LDL_BWD_OFF_ACC_0_3_0,Core0_Vector,3519,3520
LDL_BWD_DIAG_MUL_2_0,Core1_Cube,3489,3521
LDL_BARRIER_BWD_COL_3,Core0_Vector,3521,3522
LDL_BWD_DIAG_ACC_2_0,Core1_Vector,3522,3523
LDL_BARRIER_BWD_DIAG2OFF_2,Core1_Vector,3524,3525
LDL_BWD_DIAG_MUL_2_0,Core0_Cube,3504,3536
LDL_BWD_DIAG_ACC_2_0,Core0_Vector,3537,3538
LDL_BWD_OFF_MUL_1_2_0,Core1_Cube,3507,3539
LDL_BARRIER_BWD_DIAG2OFF_2,Core0_Vector,3539,3540
LDL_BWD_OFF_ACC_1_2_0,Core1_Vector,3540,3541
LDL_BWD_DIAG_MUL_2_0,Core0_Cube,3522,3554
LDL_BWD_DIAG_ACC_2_0,Core0_Vector,3555,3556
LDL_BWD_OFF_MUL_1_2_0,Core1_Cube,3525,3557
LDL_BARRIER_BWD_DIAG2OFF_2,Core0_Vector,3557,3558
LDL_BWD_OFF_ACC_1_2_0,Core1_Vector,3558,3559
LDL_BWD_OFF_MUL_1_2_0,Core0_Cube,3540,3572
LDL_BWD_OFF_MUL_0_2_0,Core1_Cube,3541,3573
LDL_BWD_OFF_ACC_1_2_0,Core0_Vector,3573,3574
LDL_BWD_OFF_ACC_0_2_0,Core1_Vector,3574,3575
LDL_BARRIER_BWD_COL_2,Core1_Vector,3576,3577
LDL_BWD_OFF_MUL_1_2_0,Core0_Cube,3558,3590
LDL_BWD_OFF_MUL_0_2_0,Core1_Cube,3559,3591
LDL_BWD_OFF_ACC_1_2_0,Core0_Vector,3591,3592
LDL_BWD_OFF_ACC_0_2_0,Core1_Vector,3592,3593
LDL_BARRIER_BWD_COL_2,Core1_Vector,3594,3595
LDL_BWD_OFF_MUL_0_2_0,Core0_Cube,3574,3606
LDL_BWD_OFF_ACC_0_2_0,Core0_Vector,3607,3608
LDL_BWD_DIAG_MUL_1_0,Core1_Cube,3577,3609
LDL_BARRIER_BWD_COL_2,Core0_Vector,3609,3610
LDL_BWD_DIAG_ACC_1_0,Core1_Vector,3610,3611
LDL_BARRIER_BWD_DIAG2OFF_1,Core1_Vector,3612,3613
LDL_BWD_OFF_MUL_0_2_0,Core0_Cube,3592,3624
LDL_BWD_OFF_ACC_0_2_0,Core0_Vector,3625,3626
LDL_BWD_DIAG_MUL_1_0,Core1_Cube,3595,3627
LDL_BARRIER_BWD_COL_2,Core0_Vector,3627,3628
LDL_BWD_DIAG_ACC_1_0,Core1_Vector,3628,3629
LDL_BARRIER_BWD_DIAG2OFF_1,Core1_Vector,3630,3631
LDL_BWD_DIAG_MUL_1_0,Core0_Cube,3610,3642
LDL_BWD_DIAG_ACC_1_0,Core0_Vector,3643,3644
LDL_BWD_OFF_MUL_0_1_0,Core1_Cube,3613,3645
LDL_BARRIER_BWD_DIAG2OFF_1,Core0_Vector,3645,3646
LDL_BWD_OFF_ACC_0_1_0,Core1_Vector,3646,3647
LDL_BARRIER_BWD_COL_1,Core1_Vector,3648,3649
LDL_BWD_DIAG_MUL_1_0,Core0_Cube,3628,3660
LDL_BWD_DIAG_ACC_1_0,Core0_Vector,3661,3662
LDL_BWD_OFF_MUL_0_1_0,Core1_Cube,3631,3663
LDL_BARRIER_BWD_DIAG2OFF_1,Core0_Vector,3663,3664
LDL_BWD_OFF_ACC_0_1_0,Core1_Vector,3664,3665
LDL_BARRIER_BWD_COL_1,Core1_Vector,3666,3667
LDL_BWD_OFF_MUL_0_1_0,Core0_Cube,3646,3678
LDL_BWD_OFF_ACC_0_1_0,Core0_Vector,3679,3680
LDL_BWD_DIAG_MUL_0_0,Core1_Cube,3649,3681
LDL_BARRIER_BWD_COL_1,Core0_Vector,3681,3682
LDL_BWD_DIAG_ACC_0_0,Core1_Vector,3682,3683
LDL_BARRIER_BWD_DIAG2OFF_0,Core1_Vector,3684,3685
LDL_BARRIER_BWD_COL_0,Core1_Vector,3686,3687
LDL_BARRIER_BWD2STORE,Core1_Vector,3688,3689
Store,Core1_MTE3,3689,3696
Store,Core1_MTE3,3689,3696
Store,Core1_MTE3,3689,3696
Store,Core1_MTE3,3689,3696
Store,Core1_MTE3,3689,3696
Store,Core1_MTE3,3689,3696
Store,Core1_MTE3,3689,3696
Store,Core1_MTE3,3689,3696
LDL_BWD_OFF_MUL_0_1_0,Core0_Cube,3664,3696
LDL_BWD_OFF_ACC_0_1_0,Core0_Vector,3697,3698
LDL_BWD_DIAG_MUL_0_0,Core1_Cube,3667,3699
LDL_BARRIER_BWD_COL_1,Core0_Vector,3699,3700
LDL_BWD_DIAG_ACC_0_0,Core1_Vector,3700,3701
LDL_BARRIER_BWD_DIAG2OFF_0,Core1_Vector,3702,3703
LDL_BARRIER_BWD_COL_0,Core1_Vector,3704,3705
LDL_BARRIER_BWD2STORE,Core1_Vector,3706,3707
LDL_BWD_DIAG_MUL_0_0,Core0_Cube,3682,3714
LDL_BWD_DIAG_ACC_0_0,Core0_Vector,3715,3716
LDL_BARRIER_BWD_DIAG2OFF_0,Core0_Vector,3717,3718
LDL_BARRIER_BWD_COL_0,Core0_Vector,3719,3720
LDL_BARRIER_BWD2STORE,Core0_Vector,3721,3722
Store,Core1_MTE3,3707,3723
Store,Core1_MTE3,3707,3723
Store,Core1_MTE3,3707,3723
Store,Core1_MTE3,3707,3723
Store,Core1_MTE3,3707,3723
Store,Core1_MTE3,3707,3723
Store,Core1_MTE3,3707,3723
Store,Core1_MTE3,3707,3723
Store,Core0_MTE3,3722,3728
Store,Core0_MTE3,3722,3728
Store,Core0_MTE3,3722,3728
Store,Core0_MTE3,3722,3728
Store,Core0_MTE3,3722,3728
Store,Core0_MTE3,3722,3728
Store,Core0_MTE3,3722,3728
Store,Core0_MTE3,3722,3728
LDL_BWD_DIAG_MUL_0_0,Core0_Cube,3700,3732
LDL_BWD_DIAG_ACC_0_0,Core0_Vector,3733,3734
LDL_BARRIER_BWD_DIAG2OFF_0,Core0_Vector,3735,3736
LDL_BARRIER_BWD_COL_0,Core0_Vector,3737,3738
LDL_BARRIER_BWD2STORE,Core0_Vector,3739,3740
Store,Core0_MTE3,3740,3755
Store,Core0_MTE3,3740,3755
Store,Core0_MTE3,3740,3755
Store,Core0_MTE3,3740,3755
Store,Core0_MTE3,3740,3755
Store,Core0_MTE3,3740,3755
Store,Core0_MTE3,3740,3755
Store,Core0_MTE3,3740,3755
